Código;Vigencia
5.47104E+18;2021-03-30
5.47104E+18;2021-03-30
5.47104E+18;2021-03-30
5.47104E+18;2021-03-30
5.47104E+18;2021-03-30
5.47104E+18;2021-03-30
5.47104E+18;2021-03-30
5.47104E+18;2021-03-30
5.47104E+18;2021-03-30
5.47104E+18;2021-03-30
5.47104E+18;2021-03-30
5.47104E+18;2021-03-30
5.47104E+18;2021-03-30
5.47104E+18;2021-03-30
5.47104E+18;2021-03-30
5.47104E+18;2021-03-30
5.47104E+18;2021-03-30
5.47104E+18;2021-03-30
5.47104E+18;2021-03-30
5.47104E+18;2021-03-30
5.47104E+18;2021-03-30
5.47104E+18;2021-03-30
5.47104E+18;2021-03-30
5.47104E+18;2021-03-30
5.47104E+18;2021-03-30
5.47115E+18;2021-03-30
5.47115E+18;2021-03-30
5.47115E+18;2021-03-30
5.47115E+18;2021-03-30
5.47115E+18;2021-03-30
5.47115E+18;2021-03-30
5.47115E+18;2021-03-30
5.47115E+18;2021-03-30
5.47115E+18;2021-03-30
5.47115E+18;2021-03-30
5.47115E+18;2021-03-30
5.47115E+18;2021-03-30
5.47115E+18;2021-03-30
5.47115E+18;2021-03-30
5.47115E+18;2021-03-30
5.47115E+18;2021-03-30
5.47115E+18;2021-03-30
5.47115E+18;2021-03-30
5.47115E+18;2021-03-30
5.47115E+18;2021-03-30
5.47115E+18;2021-03-30
5.47115E+18;2021-03-30
5.47115E+18;2021-03-30
5.47115E+18;2021-03-30
5.47115E+18;2021-03-30
5.47115E+18;2021-03-30
5.47115E+18;2021-03-30
5.47115E+18;2021-03-30
5.47115E+18;2021-03-30
5.47115E+18;2021-03-30
5.47115E+18;2021-03-30
5.47115E+18;2021-03-30
5.47115E+18;2021-03-30
5.47115E+18;2021-03-30
5.47115E+18;2021-03-30
5.47126E+18;2021-03-30
5.47126E+18;2021-03-30
5.47126E+18;2021-03-30
5.47126E+18;2021-03-30
5.47126E+18;2021-03-30
5.47126E+18;2021-03-30
5.47126E+18;2021-03-30
5.47126E+18;2021-03-30
5.47126E+18;2021-03-30
5.47126E+18;2021-03-30
5.47126E+18;2021-03-30
5.47126E+18;2021-03-30
5.47126E+18;2021-03-30
5.47126E+18;2021-03-30
5.47126E+18;2021-03-30
5.47126E+18;2021-03-30
5.47126E+18;2021-03-30
5.47126E+18;2021-03-30
5.47126E+18;2021-03-30
5.47126E+18;2021-03-30
5.47126E+18;2021-03-30
5.47126E+18;2021-03-30
5.47126E+18;2021-03-30
5.47126E+18;2021-03-30
5.47126E+18;2021-03-30
5.47126E+18;2021-03-30
5.47126E+18;2021-03-30
5.47126E+18;2021-03-30
5.47126E+18;2021-03-30
5.47126E+18;2021-03-30
5.47126E+18;2021-03-30
5.47126E+18;2021-03-30
5.47126E+18;2021-03-30
5.47126E+18;2021-03-30
5.47126E+18;2021-03-30
5.47137E+18;2021-03-30
5.47137E+18;2021-03-30
5.47137E+18;2021-03-30
5.47137E+18;2021-03-30
5.47137E+18;2021-03-30
5.47137E+18;2021-03-30
5.47137E+18;2021-03-30
5.47137E+18;2021-03-30
5.47137E+18;2021-03-30
5.47137E+18;2021-03-30
5.47137E+18;2021-03-30
5.47137E+18;2021-03-30
5.47137E+18;2021-03-30
5.47137E+18;2021-03-30
5.47137E+18;2021-03-30
5.47137E+18;2021-03-30
5.47137E+18;2021-03-30
5.47137E+18;2021-03-30
5.47137E+18;2021-03-30
5.47137E+18;2021-03-30
5.47137E+18;2021-03-30
5.47137E+18;2021-03-30
5.47137E+18;2021-03-30
5.47137E+18;2021-03-30
5.47137E+18;2021-03-30
5.47137E+18;2021-03-30
5.47137E+18;2021-03-30
5.47137E+18;2021-03-30
5.47137E+18;2021-03-30
5.47138E+18;2021-03-30
5.47138E+18;2021-03-30
5.47138E+18;2021-03-30
5.47138E+18;2021-03-30
5.47138E+18;2021-03-30
5.47138E+18;2021-03-30
5.47148E+18;2021-03-30
5.47148E+18;2021-03-30
5.47148E+18;2021-03-30
5.47148E+18;2021-03-30
5.47148E+18;2021-03-30
5.47148E+18;2021-03-30
5.47148E+18;2021-03-30
5.47148E+18;2021-03-30
5.47148E+18;2021-03-30
5.47148E+18;2021-03-30
5.47148E+18;2021-03-30
5.47148E+18;2021-03-30
5.47148E+18;2021-03-30
5.47148E+18;2021-03-30
5.47148E+18;2021-03-30
5.47148E+18;2021-03-30
5.47148E+18;2021-03-30
5.47148E+18;2021-03-30
5.47148E+18;2021-03-30
5.47149E+18;2021-03-30
5.47149E+18;2021-03-30
5.47149E+18;2021-03-30
5.47149E+18;2021-03-30
5.47149E+18;2021-03-30
5.47149E+18;2021-03-30
5.47149E+18;2021-03-30
5.47149E+18;2021-03-30
5.47149E+18;2021-03-30
5.47149E+18;2021-03-30
5.47149E+18;2021-03-30
5.47149E+18;2021-03-30
5.47149E+18;2021-03-30
5.47149E+18;2021-03-30
5.47149E+18;2021-03-30
5.47149E+18;2021-03-30
5.47159E+18;2021-03-30
5.47159E+18;2021-03-30
5.47159E+18;2021-03-30
5.47159E+18;2021-03-30
5.47159E+18;2021-03-30
5.47159E+18;2021-03-30
5.47159E+18;2021-03-30
5.47159E+18;2021-03-30
5.47159E+18;2021-03-30
5.4716E+18;2021-03-30
5.4716E+18;2021-03-30
5.4716E+18;2021-03-30
5.4716E+18;2021-03-30
5.4716E+18;2021-03-30
5.4716E+18;2021-03-30
5.4716E+18;2021-03-30
5.4716E+18;2021-03-30
5.4716E+18;2021-03-30
5.4716E+18;2021-03-30
5.4716E+18;2021-03-30
5.4716E+18;2021-03-30
5.4716E+18;2021-03-30
5.4716E+18;2021-03-30
5.4716E+18;2021-03-30
5.4716E+18;2021-03-30
5.4716E+18;2021-03-30
5.4716E+18;2021-03-30
5.4716E+18;2021-03-30
5.4716E+18;2021-03-30
5.4716E+18;2021-03-30
5.4716E+18;2021-03-30
5.4716E+18;2021-03-30
5.4716E+18;2021-03-30
5.4716E+18;2021-03-30
5.4716E+18;2021-03-30
5.47171E+18;2021-03-30
5.47171E+18;2021-03-30
5.47171E+18;2021-03-30
5.47171E+18;2021-03-30
5.47171E+18;2021-03-30
5.47171E+18;2021-03-30
5.47171E+18;2021-03-30
5.47171E+18;2021-03-30
5.47171E+18;2021-03-30
5.47171E+18;2021-03-30
5.47171E+18;2021-03-30
5.47171E+18;2021-03-30
5.47171E+18;2021-03-30
5.47171E+18;2021-03-30
5.47171E+18;2021-03-30
5.47171E+18;2021-03-30
5.47171E+18;2021-03-30
5.47171E+18;2021-03-30
5.47171E+18;2021-03-30
5.47171E+18;2021-03-30
5.47171E+18;2021-03-30
5.47171E+18;2021-03-30
5.47171E+18;2021-03-30
5.47171E+18;2021-03-30
5.47171E+18;2021-03-30
5.47171E+18;2021-03-30
5.47171E+18;2021-03-30
5.47171E+18;2021-03-30
5.47171E+18;2021-03-30
5.47171E+18;2021-03-30
5.47171E+18;2021-03-30
5.47171E+18;2021-03-30
5.47171E+18;2021-03-30
5.47171E+18;2021-03-30
5.47171E+18;2021-03-30
5.47182E+18;2021-03-30
5.47182E+18;2021-03-30
5.47182E+18;2021-03-30
5.47182E+18;2021-03-30
5.47182E+18;2021-03-30
5.47182E+18;2021-03-30
5.47182E+18;2021-03-30
5.47182E+18;2021-03-30
5.47182E+18;2021-03-30
5.47182E+18;2021-03-30
5.47182E+18;2021-03-30
5.47182E+18;2021-03-30
5.47182E+18;2021-03-30
5.47182E+18;2021-03-30
5.47182E+18;2021-03-30
5.47182E+18;2021-03-30
5.47182E+18;2021-03-30
5.47182E+18;2021-03-30
5.47182E+18;2021-03-30
5.47182E+18;2021-03-30
5.47182E+18;2021-03-30
5.47182E+18;2021-03-30
5.47182E+18;2021-03-30
5.47182E+18;2021-03-30
5.47182E+18;2021-03-30
5.47182E+18;2021-03-30
5.47182E+18;2021-03-30
5.47182E+18;2021-03-30
5.47182E+18;2021-03-30
5.47182E+18;2021-03-30
5.47182E+18;2021-03-30
5.47182E+18;2021-03-30
5.47182E+18;2021-03-30
5.47182E+18;2021-03-30
5.47182E+18;2021-03-30
5.47093E+18;2021-03-30
5.47093E+18;2021-03-30
5.47093E+18;2021-03-30
5.47093E+18;2021-03-30
5.47093E+18;2021-03-30
5.47093E+18;2021-03-30
5.47093E+18;2021-03-30
5.47093E+18;2021-03-30
5.47093E+18;2021-03-30
5.47093E+18;2021-03-30
5.47093E+18;2021-03-30
5.47093E+18;2021-03-30
5.47093E+18;2021-03-30
5.47093E+18;2021-03-30
5.47093E+18;2021-03-30
5.47093E+18;2021-03-30
5.47093E+18;2021-03-30
5.47093E+18;2021-03-30
5.47093E+18;2021-03-30
5.47093E+18;2021-03-30
5.47093E+18;2021-03-30
5.47093E+18;2021-03-30
5.47093E+18;2021-03-30
5.47093E+18;2021-03-30
5.47093E+18;2021-03-30
5.47093E+18;2021-03-30
5.47093E+18;2021-03-30
5.47093E+18;2021-03-30
5.47093E+18;2021-03-30
5.47093E+18;2021-03-30
5.47093E+18;2021-03-30
5.47093E+18;2021-03-30
5.47093E+18;2021-03-30
5.47093E+18;2021-03-30
5.47094E+18;2021-03-30
5.47104E+18;2021-03-30
5.47104E+18;2021-03-30
5.47104E+18;2021-03-30
5.47104E+18;2021-03-30
5.47104E+18;2021-03-30
5.47104E+18;2021-03-30
5.47104E+18;2021-03-30
5.47104E+18;2021-03-30
5.47104E+18;2021-03-30
5.47104E+18;2021-03-30
5.47104E+18;2021-03-30
5.47104E+18;2021-03-30
5.47104E+18;2021-03-30
5.47104E+18;2021-03-30
5.47104E+18;2021-03-30
5.47104E+18;2021-03-30
5.47104E+18;2021-03-30
5.47104E+18;2021-03-30
5.47104E+18;2021-03-30
5.47104E+18;2021-03-30
5.47104E+18;2021-03-30
5.47104E+18;2021-03-30
5.47104E+18;2021-03-30
5.47104E+18;2021-03-30
5.47105E+18;2021-03-30
5.47105E+18;2021-03-30
5.47105E+18;2021-03-30
5.47105E+18;2021-03-30
5.47105E+18;2021-03-30
5.47105E+18;2021-03-30
5.47105E+18;2021-03-30
5.47105E+18;2021-03-30
5.47105E+18;2021-03-30
5.47105E+18;2021-03-30
5.47105E+18;2021-03-30
5.47115E+18;2021-03-30
5.47115E+18;2021-03-30
5.47115E+18;2021-03-30
5.47115E+18;2021-03-30
5.47115E+18;2021-03-30
5.47115E+18;2021-03-30
5.47115E+18;2021-03-30
5.47115E+18;2021-03-30
5.47115E+18;2021-03-30
5.47115E+18;2021-03-30
5.47115E+18;2021-03-30
5.47115E+18;2021-03-30
5.47115E+18;2021-03-30
5.47115E+18;2021-03-30
5.47116E+18;2021-03-30
5.47116E+18;2021-03-30
5.47116E+18;2021-03-30
5.47116E+18;2021-03-30
5.47116E+18;2021-03-30
5.47116E+18;2021-03-30
5.47116E+18;2021-03-30
5.47116E+18;2021-03-30
5.47116E+18;2021-03-30
5.47116E+18;2021-03-30
5.47116E+18;2021-03-30
5.47116E+18;2021-03-30
5.47116E+18;2021-03-30
5.47116E+18;2021-03-30
5.47116E+18;2021-03-30
5.47116E+18;2021-03-30
5.47116E+18;2021-03-30
5.47116E+18;2021-03-30
5.47116E+18;2021-03-30
5.47116E+18;2021-03-30
5.47116E+18;2021-03-30
5.47126E+18;2021-03-30
5.47126E+18;2021-03-30
5.47126E+18;2021-03-30
5.47126E+18;2021-03-30
5.47127E+18;2021-03-30
5.47127E+18;2021-03-30
5.47127E+18;2021-03-30
5.47127E+18;2021-03-30
5.47127E+18;2021-03-30
5.47127E+18;2021-03-30
5.47127E+18;2021-03-30
5.47127E+18;2021-03-30
5.47127E+18;2021-03-30
5.47127E+18;2021-03-30
5.47127E+18;2021-03-30
5.47127E+18;2021-03-30
5.47127E+18;2021-03-30
5.47127E+18;2021-03-30
5.47127E+18;2021-03-30
5.47127E+18;2021-03-30
5.47127E+18;2021-03-30
5.47127E+18;2021-03-30
5.47127E+18;2021-03-30
5.47127E+18;2021-03-30
5.47127E+18;2021-03-30
5.47127E+18;2021-03-30
5.47127E+18;2021-03-30
5.47127E+18;2021-03-30
5.47127E+18;2021-03-30
5.47127E+18;2021-03-30
5.47127E+18;2021-03-30
5.47127E+18;2021-03-30
5.47127E+18;2021-03-30
5.47127E+18;2021-03-30
5.47127E+18;2021-03-30
5.47138E+18;2021-03-30
5.47138E+18;2021-03-30
5.47138E+18;2021-03-30
5.47138E+18;2021-03-30
5.47138E+18;2021-03-30
5.47138E+18;2021-03-30
5.47138E+18;2021-03-30
5.47138E+18;2021-03-30
5.47138E+18;2021-03-30
5.47138E+18;2021-03-30
5.47138E+18;2021-03-30
5.47138E+18;2021-03-30
5.47138E+18;2021-03-30
5.47138E+18;2021-03-30
5.47138E+18;2021-03-30
5.47138E+18;2021-03-30
5.47138E+18;2021-03-30
5.47138E+18;2021-03-30
5.47138E+18;2021-03-30
5.47138E+18;2021-03-30
5.47138E+18;2021-03-30
5.47138E+18;2021-03-30
5.47138E+18;2021-03-30
5.47138E+18;2021-03-30
5.47138E+18;2021-03-30
5.47138E+18;2021-03-30
5.47138E+18;2021-03-30
5.47138E+18;2021-03-30
5.47138E+18;2021-03-30
5.47138E+18;2021-03-30
5.47138E+18;2021-03-30
5.47138E+18;2021-03-30
5.47138E+18;2021-03-30
5.47138E+18;2021-03-30
5.47138E+18;2021-03-30
5.47149E+18;2021-03-30
5.47149E+18;2021-03-30
5.47149E+18;2021-03-30
5.47149E+18;2021-03-30
5.47149E+18;2021-03-30
5.47149E+18;2021-03-30
5.47149E+18;2021-03-30
5.47149E+18;2021-03-30
5.47149E+18;2021-03-30
5.47149E+18;2021-03-30
5.47149E+18;2021-03-30
5.47149E+18;2021-03-30
5.47149E+18;2021-03-30
5.47149E+18;2021-03-30
5.47149E+18;2021-03-30
5.47149E+18;2021-03-30
5.47149E+18;2021-03-30
5.47149E+18;2021-03-30
5.47149E+18;2021-03-30
5.47149E+18;2021-03-30
5.47149E+18;2021-03-30
5.47149E+18;2021-03-30
5.47149E+18;2021-03-30
5.47149E+18;2021-03-30
5.47149E+18;2021-03-30
5.47149E+18;2021-03-30
5.47149E+18;2021-03-30
5.47149E+18;2021-03-30
5.47149E+18;2021-03-30
5.47149E+18;2021-03-30
5.47149E+18;2021-03-30
5.47149E+18;2021-03-30
5.47149E+18;2021-03-30
5.47149E+18;2021-03-30
5.4715E+18;2021-03-30
5.4716E+18;2021-03-30
5.4716E+18;2021-03-30
5.4716E+18;2021-03-30
5.4716E+18;2021-03-30
5.4716E+18;2021-03-30
5.4716E+18;2021-03-30
5.4716E+18;2021-03-30
5.4716E+18;2021-03-30
5.4716E+18;2021-03-30
5.4716E+18;2021-03-30
5.4716E+18;2021-03-30
5.4716E+18;2021-03-30
5.4716E+18;2021-03-30
5.4716E+18;2021-03-30
5.4716E+18;2021-03-30
5.4716E+18;2021-03-30
5.4716E+18;2021-03-30
5.4716E+18;2021-03-30
5.4716E+18;2021-03-30
5.4716E+18;2021-03-30
5.4716E+18;2021-03-30
5.4716E+18;2021-03-30
5.4716E+18;2021-03-30
5.4716E+18;2021-03-30
5.47161E+18;2021-03-30
5.47161E+18;2021-03-30
5.47161E+18;2021-03-30
5.47161E+18;2021-03-30
5.47161E+18;2021-03-30
5.47161E+18;2021-03-30
5.47161E+18;2021-03-30
5.47161E+18;2021-03-30
5.47161E+18;2021-03-30
5.47161E+18;2021-03-30
5.47161E+18;2021-03-30
5.47171E+18;2021-03-30
5.47171E+18;2021-03-30
5.47171E+18;2021-03-30
5.47171E+18;2021-03-30
5.47171E+18;2021-03-30
5.47171E+18;2021-03-30
5.47171E+18;2021-03-30
5.47171E+18;2021-03-30
5.47171E+18;2021-03-30
5.47171E+18;2021-03-30
5.47171E+18;2021-03-30
5.47171E+18;2021-03-30
5.47171E+18;2021-03-30
5.47171E+18;2021-03-30
5.47172E+18;2021-03-30
5.47172E+18;2021-03-30
5.47172E+18;2021-03-30
5.47172E+18;2021-03-30
5.47172E+18;2021-03-30
5.47172E+18;2021-03-30
5.47172E+18;2021-03-30
5.47172E+18;2021-03-30
5.47172E+18;2021-03-30
5.47172E+18;2021-03-30
5.47172E+18;2021-03-30
5.47172E+18;2021-03-30
5.47172E+18;2021-03-30
5.47172E+18;2021-03-30
5.47172E+18;2021-03-30
5.47172E+18;2021-03-30
5.47172E+18;2021-03-30
5.47172E+18;2021-03-30
5.47172E+18;2021-03-30
5.47172E+18;2021-03-30
5.47172E+18;2021-03-30
5.47182E+18;2021-03-30
5.47182E+18;2021-03-30
5.47182E+18;2021-03-30
5.47182E+18;2021-03-30
5.47183E+18;2021-03-30
5.47183E+18;2021-03-30
5.47183E+18;2021-03-30
5.47183E+18;2021-03-30
5.47183E+18;2021-03-30
5.47183E+18;2021-03-30
5.47183E+18;2021-03-30
5.47183E+18;2021-03-30
5.47183E+18;2021-03-30
5.47183E+18;2021-03-30
5.47183E+18;2021-03-30
5.47183E+18;2021-03-30
5.47183E+18;2021-03-30
5.47183E+18;2021-03-30
5.47183E+18;2021-03-30
5.47183E+18;2021-03-30
5.47183E+18;2021-03-30
5.47183E+18;2021-03-30
5.47183E+18;2021-03-30
5.47183E+18;2021-03-30
5.47183E+18;2021-03-30
5.47183E+18;2021-03-30
5.47183E+18;2021-03-30
5.47183E+18;2021-03-30
5.47183E+18;2021-03-30
5.47183E+18;2021-03-30
5.47183E+18;2021-03-30
5.47183E+18;2021-03-30
5.47183E+18;2021-03-30
5.47183E+18;2021-03-30
5.47183E+18;2021-03-30
5.47094E+18;2021-03-30
5.47094E+18;2021-03-30
5.47094E+18;2021-03-30
5.47094E+18;2021-03-30
5.47094E+18;2021-03-30
5.47094E+18;2021-03-30
5.47094E+18;2021-03-30
5.47094E+18;2021-03-30
5.47094E+18;2021-03-30
5.47094E+18;2021-03-30
5.47094E+18;2021-03-30
5.47094E+18;2021-03-30
5.47094E+18;2021-03-30
5.47094E+18;2021-03-30
5.47094E+18;2021-03-30
5.47094E+18;2021-03-30
5.47094E+18;2021-03-30
5.47094E+18;2021-03-30
5.47094E+18;2021-03-30
5.47094E+18;2021-03-30
5.47094E+18;2021-03-30
5.47094E+18;2021-03-30
5.47094E+18;2021-03-30
5.47094E+18;2021-03-30
5.47094E+18;2021-03-30
5.47094E+18;2021-03-30
5.47094E+18;2021-03-30
5.47094E+18;2021-03-30
5.47094E+18;2021-03-30
5.47094E+18;2021-03-30
5.47094E+18;2021-03-30
5.47094E+18;2021-03-30
5.47094E+18;2021-03-30
5.47094E+18;2021-03-30
5.47094E+18;2021-03-30
5.47105E+18;2021-03-30
5.47105E+18;2021-03-30
5.47105E+18;2021-03-30
5.47105E+18;2021-03-30
5.47105E+18;2021-03-30
5.47105E+18;2021-03-30
5.47105E+18;2021-03-30
5.47105E+18;2021-03-30
5.47105E+18;2021-03-30
5.47105E+18;2021-03-30
5.47105E+18;2021-03-30
5.47105E+18;2021-03-30
5.47105E+18;2021-03-30
5.47105E+18;2021-03-30
5.47105E+18;2021-03-30
5.47105E+18;2021-03-30
5.47105E+18;2021-03-30
5.47105E+18;2021-03-30
5.47105E+18;2021-03-30
5.47105E+18;2021-03-30
5.47105E+18;2021-03-30
5.47105E+18;2021-03-30
5.47105E+18;2021-03-30
5.47105E+18;2021-03-30
5.47105E+18;2021-03-30
5.47105E+18;2021-03-30
5.47105E+18;2021-03-30
5.47105E+18;2021-03-30
5.47105E+18;2021-03-30
5.47105E+18;2021-03-30
5.47105E+18;2021-03-30
5.47105E+18;2021-03-30
5.47105E+18;2021-03-30
5.47105E+18;2021-03-30
5.47105E+18;2021-03-30
5.47116E+18;2021-03-30
5.47116E+18;2021-03-30
5.47116E+18;2021-03-30
5.47116E+18;2021-03-30
5.47116E+18;2021-03-30
5.47116E+18;2021-03-30
5.47116E+18;2021-03-30
5.47116E+18;2021-03-30
5.47116E+18;2021-03-30
5.47116E+18;2021-03-30
5.47116E+18;2021-03-30
5.47116E+18;2021-03-30
5.47116E+18;2021-03-30
5.47116E+18;2021-03-30
5.47116E+18;2021-03-30
5.47116E+18;2021-03-30
5.47116E+18;2021-03-30
5.47116E+18;2021-03-30
5.47116E+18;2021-03-30
5.47116E+18;2021-03-30
5.47116E+18;2021-03-30
5.47116E+18;2021-03-30
5.47116E+18;2021-03-30
5.47116E+18;2021-03-30
5.47116E+18;2021-03-30
5.47116E+18;2021-03-30
5.47116E+18;2021-03-30
5.47116E+18;2021-03-30
5.47116E+18;2021-03-30
5.47117E+18;2021-03-30
5.47117E+18;2021-03-30
5.47117E+18;2021-03-30
5.47117E+18;2021-03-30
5.47117E+18;2021-03-30
5.47117E+18;2021-03-30
5.47127E+18;2021-03-30
5.47127E+18;2021-03-30
5.47127E+18;2021-03-30
5.47127E+18;2021-03-30
5.47127E+18;2021-03-30
5.47127E+18;2021-03-30
5.47127E+18;2021-03-30
5.47127E+18;2021-03-30
5.47127E+18;2021-03-30
5.47127E+18;2021-03-30
5.47127E+18;2021-03-30
5.47127E+18;2021-03-30
5.47127E+18;2021-03-30
5.47127E+18;2021-03-30
5.47127E+18;2021-03-30
5.47127E+18;2021-03-30
5.47127E+18;2021-03-30
5.47127E+18;2021-03-30
5.47127E+18;2021-03-30
5.47128E+18;2021-03-30
5.47128E+18;2021-03-30
5.47128E+18;2021-03-30
5.47128E+18;2021-03-30
5.47128E+18;2021-03-30
5.47128E+18;2021-03-30
5.47128E+18;2021-03-30
5.47128E+18;2021-03-30
5.47128E+18;2021-03-30
5.47128E+18;2021-03-30
5.47128E+18;2021-03-30
5.47128E+18;2021-03-30
5.47128E+18;2021-03-30
5.47128E+18;2021-03-30
5.47128E+18;2021-03-30
5.47128E+18;2021-03-30
5.47138E+18;2021-03-30
5.47138E+18;2021-03-30
5.47138E+18;2021-03-30
5.47138E+18;2021-03-30
5.47138E+18;2021-03-30
5.47138E+18;2021-03-30
5.47138E+18;2021-03-30
5.47138E+18;2021-03-30
5.47138E+18;2021-03-30
5.47139E+18;2021-03-30
5.47139E+18;2021-03-30
5.47139E+18;2021-03-30
5.47139E+18;2021-03-30
5.47139E+18;2021-03-30
5.47139E+18;2021-03-30
5.47139E+18;2021-03-30
5.47139E+18;2021-03-30
5.47139E+18;2021-03-30
5.47139E+18;2021-03-30
5.47139E+18;2021-03-30
5.47139E+18;2021-03-30
5.47139E+18;2021-03-30
5.47139E+18;2021-03-30
5.47139E+18;2021-03-30
5.47139E+18;2021-03-30
5.47139E+18;2021-03-30
5.47139E+18;2021-03-30
5.47139E+18;2021-03-30
5.47139E+18;2021-03-30
5.47139E+18;2021-03-30
5.47139E+18;2021-03-30
5.47139E+18;2021-03-30
5.47139E+18;2021-03-30
5.47139E+18;2021-03-30
5.47139E+18;2021-03-30
5.4715E+18;2021-03-30
5.4715E+18;2021-03-30
5.4715E+18;2021-03-30
5.4715E+18;2021-03-30
5.4715E+18;2021-03-30
5.4715E+18;2021-03-30
5.4715E+18;2021-03-30
5.4715E+18;2021-03-30
5.4715E+18;2021-03-30
5.4715E+18;2021-03-30
5.4715E+18;2021-03-30
5.4715E+18;2021-03-30
5.4715E+18;2021-03-30
5.4715E+18;2021-03-30
5.4715E+18;2021-03-30
5.4715E+18;2021-03-30
5.4715E+18;2021-03-30
5.4715E+18;2021-03-30
5.4715E+18;2021-03-30
5.4715E+18;2021-03-30
5.4715E+18;2021-03-30
5.4715E+18;2021-03-30
5.4715E+18;2021-03-30
5.4715E+18;2021-03-30
5.4715E+18;2021-03-30
5.4715E+18;2021-03-30
5.4715E+18;2021-03-30
5.4715E+18;2021-03-30
5.4715E+18;2021-03-30
5.4715E+18;2021-03-30
5.4715E+18;2021-03-30
5.4715E+18;2021-03-30
5.4715E+18;2021-03-30
5.4715E+18;2021-03-30
5.4715E+18;2021-03-30
5.47161E+18;2021-03-30
5.47161E+18;2021-03-30
5.47161E+18;2021-03-30
5.47161E+18;2021-03-30
5.47161E+18;2021-03-30
5.47161E+18;2021-03-30
5.47161E+18;2021-03-30
5.47161E+18;2021-03-30
5.47161E+18;2021-03-30
5.47161E+18;2021-03-30
5.47161E+18;2021-03-30
5.47161E+18;2021-03-30
5.47161E+18;2021-03-30
5.47161E+18;2021-03-30
5.47161E+18;2021-03-30
5.47161E+18;2021-03-30
5.47161E+18;2021-03-30
5.47161E+18;2021-03-30
5.47161E+18;2021-03-30
5.47161E+18;2021-03-30
5.47161E+18;2021-03-30
5.47161E+18;2021-03-30
5.47161E+18;2021-03-30
5.47161E+18;2021-03-30
5.47161E+18;2021-03-30
5.47161E+18;2021-03-30
5.47161E+18;2021-03-30
5.47161E+18;2021-03-30
5.47161E+18;2021-03-30
5.47161E+18;2021-03-30
5.47161E+18;2021-03-30
5.47161E+18;2021-03-30
5.47161E+18;2021-03-30
5.47161E+18;2021-03-30
5.47161E+18;2021-03-30
5.47172E+18;2021-03-30
5.47172E+18;2021-03-30
5.47172E+18;2021-03-30
5.47172E+18;2021-03-30
5.47172E+18;2021-03-30
5.47172E+18;2021-03-30
5.47172E+18;2021-03-30
5.47172E+18;2021-03-30
5.47172E+18;2021-03-30
5.47172E+18;2021-03-30
5.47172E+18;2021-03-30
5.47172E+18;2021-03-30
5.47172E+18;2021-03-30
5.47172E+18;2021-03-30
5.47172E+18;2021-03-30
5.47172E+18;2021-03-30
5.47172E+18;2021-03-30
5.47172E+18;2021-03-30
5.47172E+18;2021-03-30
5.47172E+18;2021-03-30
5.47172E+18;2021-03-30
5.47172E+18;2021-03-30
5.47172E+18;2021-03-30
5.47172E+18;2021-03-30
5.47172E+18;2021-03-30
5.47172E+18;2021-03-30
5.47172E+18;2021-03-30
5.47172E+18;2021-03-30
5.47172E+18;2021-03-30
5.47173E+18;2021-03-30
5.47173E+18;2021-03-30
5.47173E+18;2021-03-30
5.47173E+18;2021-03-30
5.47173E+18;2021-03-30
5.47173E+18;2021-03-30
5.47183E+18;2021-03-30
5.47183E+18;2021-03-30
5.47183E+18;2021-03-30
5.47183E+18;2021-03-30
5.47183E+18;2021-03-30
5.47183E+18;2021-03-30
5.47183E+18;2021-03-30
5.47183E+18;2021-03-30
5.47183E+18;2021-03-30
5.47183E+18;2021-03-30
5.47183E+18;2021-03-30
5.47183E+18;2021-03-30
5.47183E+18;2021-03-30
5.47183E+18;2021-03-30
5.47183E+18;2021-03-30
5.47183E+18;2021-03-30
5.47183E+18;2021-03-30
5.47183E+18;2021-03-30
5.47183E+18;2021-03-30
5.47184E+18;2021-03-30
5.47184E+18;2021-03-30
5.47184E+18;2021-03-30
5.47184E+18;2021-03-30
5.47184E+18;2021-03-30
5.47184E+18;2021-03-30
5.47184E+18;2021-03-30
5.47184E+18;2021-03-30
5.47184E+18;2021-03-30
5.47184E+18;2021-03-30
5.47184E+18;2021-03-30
5.47184E+18;2021-03-30
5.47184E+18;2021-03-30
5.47184E+18;2021-03-30
5.47184E+18;2021-03-30
5.47184E+18;2021-03-30
5.47094E+18;2021-03-30
5.47094E+18;2021-03-30
5.47094E+18;2021-03-30
5.47094E+18;2021-03-30
5.47094E+18;2021-03-30
5.47094E+18;2021-03-30
5.47094E+18;2021-03-30
5.47094E+18;2021-03-30
5.47094E+18;2021-03-30
5.47094E+18;2021-03-30
5.47094E+18;2021-03-30
5.47094E+18;2021-03-30
5.47094E+18;2021-03-30
5.47094E+18;2021-03-30
5.47095E+18;2021-03-30
5.47095E+18;2021-03-30
5.47095E+18;2021-03-30
5.47095E+18;2021-03-30
5.47095E+18;2021-03-30
5.47095E+18;2021-03-30
5.47095E+18;2021-03-30
5.47095E+18;2021-03-30
5.47095E+18;2021-03-30
5.47095E+18;2021-03-30
5.47095E+18;2021-03-30
5.47095E+18;2021-03-30
5.47095E+18;2021-03-30
5.47095E+18;2021-03-30
5.47095E+18;2021-03-30
5.47095E+18;2021-03-30
5.47095E+18;2021-03-30
5.47095E+18;2021-03-30
5.47095E+18;2021-03-30
5.47095E+18;2021-03-30
5.47095E+18;2021-03-30
5.47105E+18;2021-03-30
5.47105E+18;2021-03-30
5.47105E+18;2021-03-30
5.47105E+18;2021-03-30
5.47106E+18;2021-03-30
5.47106E+18;2021-03-30
5.47106E+18;2021-03-30
5.47106E+18;2021-03-30
5.47106E+18;2021-03-30
5.47106E+18;2021-03-30
5.47106E+18;2021-03-30
5.47106E+18;2021-03-30
5.47106E+18;2021-03-30
5.47106E+18;2021-03-30
5.47106E+18;2021-03-30
5.47106E+18;2021-03-30
5.47106E+18;2021-03-30
5.47106E+18;2021-03-30
5.47106E+18;2021-03-30
5.47106E+18;2021-03-30
5.47106E+18;2021-03-30
5.47106E+18;2021-03-30
5.47106E+18;2021-03-30
5.47106E+18;2021-03-30
5.47106E+18;2021-03-30
5.47106E+18;2021-03-30
5.47106E+18;2021-03-30
5.47106E+18;2021-03-30
5.47106E+18;2021-03-30
5.47106E+18;2021-03-30
5.47106E+18;2021-03-30
5.47106E+18;2021-03-30
5.47106E+18;2021-03-30
5.47106E+18;2021-03-30
5.47106E+18;2021-03-30
5.47117E+18;2021-03-30
5.47117E+18;2021-03-30
5.47117E+18;2021-03-30
5.47117E+18;2021-03-30
5.47117E+18;2021-03-30
5.47117E+18;2021-03-30
5.47117E+18;2021-03-30
5.47117E+18;2021-03-30
5.47117E+18;2021-03-30
5.47117E+18;2021-03-30
5.47117E+18;2021-03-30
5.47117E+18;2021-03-30
5.47117E+18;2021-03-30
5.47117E+18;2021-03-30
5.47117E+18;2021-03-30
5.47117E+18;2021-03-30
5.47117E+18;2021-03-30
5.47117E+18;2021-03-30
5.47117E+18;2021-03-30
5.47117E+18;2021-03-30
5.47117E+18;2021-03-30
5.47117E+18;2021-03-30
5.47117E+18;2021-03-30
5.47117E+18;2021-03-30
5.47117E+18;2021-03-30
5.47117E+18;2021-03-30
5.47117E+18;2021-03-30
5.47117E+18;2021-03-30
5.47117E+18;2021-03-30
5.47117E+18;2021-03-30
5.47117E+18;2021-03-30
5.47117E+18;2021-03-30
5.47117E+18;2021-03-30
5.47117E+18;2021-03-30
5.47117E+18;2021-03-30
5.47128E+18;2021-03-30
5.47128E+18;2021-03-30
5.47128E+18;2021-03-30
5.47128E+18;2021-03-30
5.47128E+18;2021-03-30
5.47128E+18;2021-03-30
5.47128E+18;2021-03-30
5.47128E+18;2021-03-30
5.47128E+18;2021-03-30
5.47128E+18;2021-03-30
5.47128E+18;2021-03-30
5.47128E+18;2021-03-30
5.47128E+18;2021-03-30
5.47128E+18;2021-03-30
5.47128E+18;2021-03-30
5.47128E+18;2021-03-30
5.47128E+18;2021-03-30
5.47128E+18;2021-03-30
5.47128E+18;2021-03-30
5.47128E+18;2021-03-30
5.47128E+18;2021-03-30
5.47128E+18;2021-03-30
5.47128E+18;2021-03-30
5.47128E+18;2021-03-30
5.47128E+18;2021-03-30
5.47128E+18;2021-03-30
5.47128E+18;2021-03-30
5.47128E+18;2021-03-30
5.47128E+18;2021-03-30
5.47128E+18;2021-03-30
5.47128E+18;2021-03-30
5.47128E+18;2021-03-30
5.47128E+18;2021-03-30
5.47128E+18;2021-03-30
5.47129E+18;2021-03-30
5.47139E+18;2021-03-30
5.47139E+18;2021-03-30
5.47139E+18;2021-03-30
5.47139E+18;2021-03-30
5.47139E+18;2021-03-30
5.47139E+18;2021-03-30
5.47139E+18;2021-03-30
5.47139E+18;2021-03-30
5.47139E+18;2021-03-30
5.47139E+18;2021-03-30
5.47139E+18;2021-03-30
5.47139E+18;2021-03-30
5.47139E+18;2021-03-30
5.47139E+18;2021-03-30
5.47139E+18;2021-03-30
5.47139E+18;2021-03-30
5.47139E+18;2021-03-30
5.47139E+18;2021-03-30
5.47139E+18;2021-03-30
5.47139E+18;2021-03-30
5.47139E+18;2021-03-30
5.47139E+18;2021-03-30
5.47139E+18;2021-03-30
5.47139E+18;2021-03-30
5.4714E+18;2021-03-30
5.4714E+18;2021-03-30
5.4714E+18;2021-03-30
5.4714E+18;2021-03-30
5.4714E+18;2021-03-30
5.4714E+18;2021-03-30
5.4714E+18;2021-03-30
5.4714E+18;2021-03-30
5.4714E+18;2021-03-30
5.4714E+18;2021-03-30
5.4714E+18;2021-03-30
5.4715E+18;2021-03-30
5.4715E+18;2021-03-30
5.4715E+18;2021-03-30
5.4715E+18;2021-03-30
5.4715E+18;2021-03-30
5.4715E+18;2021-03-30
5.4715E+18;2021-03-30
5.4715E+18;2021-03-30
5.4715E+18;2021-03-30
5.4715E+18;2021-03-30
5.4715E+18;2021-03-30
5.4715E+18;2021-03-30
5.4715E+18;2021-03-30
5.4715E+18;2021-03-30
5.47151E+18;2021-03-30
5.47151E+18;2021-03-30
5.47151E+18;2021-03-30
5.47151E+18;2021-03-30
5.47151E+18;2021-03-30
5.47151E+18;2021-03-30
5.47151E+18;2021-03-30
5.47151E+18;2021-03-30
5.47151E+18;2021-03-30
5.47151E+18;2021-03-30
5.47151E+18;2021-03-30
5.47151E+18;2021-03-30
5.47151E+18;2021-03-30
5.47151E+18;2021-03-30
5.47151E+18;2021-03-30
5.47151E+18;2021-03-30
5.47151E+18;2021-03-30
5.47151E+18;2021-03-30
5.47151E+18;2021-03-30
5.47151E+18;2021-03-30
5.47151E+18;2021-03-30
5.47161E+18;2021-03-30
5.47161E+18;2021-03-30
5.47161E+18;2021-03-30
5.47161E+18;2021-03-30
5.47162E+18;2021-03-30
5.47162E+18;2021-03-30
5.47162E+18;2021-03-30
5.47162E+18;2021-03-30
5.47162E+18;2021-03-30
5.47162E+18;2021-03-30
5.47162E+18;2021-03-30
5.47162E+18;2021-03-30
5.47162E+18;2021-03-30
5.47162E+18;2021-03-30
5.47162E+18;2021-03-30
5.47162E+18;2021-03-30
5.47162E+18;2021-03-30
5.47162E+18;2021-03-30
5.47162E+18;2021-03-30
5.47162E+18;2021-03-30
5.47162E+18;2021-03-30
5.47162E+18;2021-03-30
5.47162E+18;2021-03-30
5.47162E+18;2021-03-30
5.47162E+18;2021-03-30
5.47162E+18;2021-03-30
5.47162E+18;2021-03-30
5.47162E+18;2021-03-30
5.47162E+18;2021-03-30
5.47162E+18;2021-03-30
5.47162E+18;2021-03-30
5.47162E+18;2021-03-30
5.47162E+18;2021-03-30
5.47162E+18;2021-03-30
5.47162E+18;2021-03-30
5.47173E+18;2021-03-30
5.47173E+18;2021-03-30
5.47173E+18;2021-03-30
5.47173E+18;2021-03-30
5.47173E+18;2021-03-30
5.47173E+18;2021-03-30
5.47173E+18;2021-03-30
5.47173E+18;2021-03-30
5.47173E+18;2021-03-30
5.47173E+18;2021-03-30
5.47173E+18;2021-03-30
5.47173E+18;2021-03-30
5.47173E+18;2021-03-30
5.47173E+18;2021-03-30
5.47173E+18;2021-03-30
5.47173E+18;2021-03-30
5.47173E+18;2021-03-30
5.47173E+18;2021-03-30
5.47173E+18;2021-03-30
5.47173E+18;2021-03-30
5.47173E+18;2021-03-30
5.47173E+18;2021-03-30
5.47173E+18;2021-03-30
5.47173E+18;2021-03-30
5.47173E+18;2021-03-30
5.47173E+18;2021-03-30
5.47173E+18;2021-03-30
5.47173E+18;2021-03-30
5.47173E+18;2021-03-30
5.47173E+18;2021-03-30
5.47173E+18;2021-03-30
5.47173E+18;2021-03-30
5.47173E+18;2021-03-30
5.47173E+18;2021-03-30
5.47173E+18;2021-03-30
5.47184E+18;2021-03-30
5.47184E+18;2021-03-30
5.47184E+18;2021-03-30
5.47184E+18;2021-03-30
5.47184E+18;2021-03-30
5.47184E+18;2021-03-30
5.47184E+18;2021-03-30
5.47184E+18;2021-03-30
5.47184E+18;2021-03-30
5.47184E+18;2021-03-30
5.47184E+18;2021-03-30
5.47184E+18;2021-03-30
5.47184E+18;2021-03-30
5.47184E+18;2021-03-30
5.47184E+18;2021-03-30
5.47184E+18;2021-03-30
5.47184E+18;2021-03-30
5.47184E+18;2021-03-30
5.47184E+18;2021-03-30
5.47184E+18;2021-03-30
